Table 220-19023 : Nominal Indices of Payroll per Person Engaged by industry division (Q1 1999 = 100),,,
 ,,,
 , , ,Nominal Index of Payroll per Person Engaged (Q1 1999 = 100)
,,,Index
Year,Quarter,Industry section/Industry division,
2008,Q1,B: Mining and quarrying,102.0
2008,Q1,C: Manufacturing,98.9
2008,Q1,D: Electricity and gas supply,140.5
2008,Q1,"E: Sewerage, waste management and remediation activities",150.4
2008,Q1,G (part of): Import/export and wholesale trades,119.8
2008,Q1,G (part of): Retail trade,111.6
2008,Q1,"H: Transportation, storage, postal and courier services",105.6
2008,Q1,I: Accommodation and food service activities,90.0
2008,Q1,J: Information and communications,95.6
2008,Q1,K: Financial and insurance activities,166.7
2008,Q1,L: Real estate activities,114.4
2008,Q1,"M, N: Professional and business services",96.3
2008,Q1,"P, Q, R, S: Social and personal services",92.0
2008,Q1,     85: Education,88.4
2008,Q1,     86: Human health activities,108.2
2008,Q1,     87-88: Residential care activities and social work activities without accommodation,90.4
2008,Q1,"     95: Repair of motor vehicles, motorcycles, computers, personal and household goods",81.4
2008,Q2,B: Mining and quarrying,91.5
2008,Q2,C: Manufacturing,91.5
2008,Q2,D: Electricity and gas supply,105.7
2008,Q2,"E: Sewerage, waste management and remediation activities",123.1
2008,Q2,G (part of): Import/export and wholesale trades,96.1
2008,Q2,G (part of): Retail trade,95.3
2008,Q2,"H: Transportation, storage, postal and courier services",95.9
2008,Q2,I: Accommodation and food service activities,83.8
2008,Q2,J: Information and communications,87.7
2008,Q2,K: Financial and insurance activities,123.9
2008,Q2,L: Real estate activities,102.2
2008,Q2,"M, N: Professional and business services",92.8
2008,Q2,"P, Q, R, S: Social and personal services",94.8
2008,Q2,     85: Education,90.2
2008,Q2,     86: Human health activities,107.0
2008,Q2,     87-88: Residential care activities and social work activities without accommodation,91.6
2008,Q2,"     95: Repair of motor vehicles, motorcycles, computers, personal and household goods",78.2
2008,Q3,B: Mining and quarrying,93.4
2008,Q3,C: Manufacturing,90.2
2008,Q3,D: Electricity and gas supply,109.0
2008,Q3,"E: Sewerage, waste management and remediation activities",132.1
2008,Q3,G (part of): Import/export and wholesale trades,103.2
2008,Q3,G (part of): Retail trade,103.9
2008,Q3,"H: Transportation, storage, postal and courier services",98.8
2008,Q3,I: Accommodation and food service activities,86.1
2008,Q3,J: Information and communications,88.7
2008,Q3,K: Financial and insurance activities,124.6
2008,Q3,L: Real estate activities,96.3
2008,Q3,"M, N: Professional and business services",87.5
2008,Q3,"P, Q, R, S: Social and personal services",101.0
2008,Q3,     85: Education,98.0
2008,Q3,     86: Human health activities,116.4
2008,Q3,     87-88: Residential care activities and social work activities without accommodation,92.2
2008,Q3,"     95: Repair of motor vehicles, motorcycles, computers, personal and household goods",81.7
2008,Q4,B: Mining and quarrying,88.8
2008,Q4,C: Manufacturing,91.2
2008,Q4,D: Electricity and gas supply,123.3
2008,Q4,"E: Sewerage, waste management and remediation activities",149.1
2008,Q4,G (part of): Import/export and wholesale trades,106.2
2008,Q4,G (part of): Retail trade,103.5
2008,Q4,"H: Transportation, storage, postal and courier services",110.1
2008,Q4,I: Accommodation and food service activities,87.2
2008,Q4,J: Information and communications,92.0
2008,Q4,K: Financial and insurance activities,133.9
2008,Q4,L: Real estate activities,93.7
2008,Q4,"M, N: Professional and business services",91.4
2008,Q4,"P, Q, R, S: Social and personal services",96.3
2008,Q4,     85: Education,92.5
2008,Q4,     86: Human health activities,108.2
2008,Q4,     87-88: Residential care activities and social work activities without accommodation,93.6
2008,Q4,"     95: Repair of motor vehicles, motorcycles, computers, personal and household goods",94.8
2009,Q1,B: Mining and quarrying,99.6
2009,Q1,C: Manufacturing,90.8
2009,Q1,D: Electricity and gas supply,137.1
2009,Q1,"E: Sewerage, waste management and remediation activities",152.9
2009,Q1,G (part of): Import/export and wholesale trades,112.9
2009,Q1,G (part of): Retail trade,112.0
2009,Q1,"H: Transportation, storage, postal and courier services",106.2
2009,Q1,I: Accommodation and food service activities,87.9
2009,Q1,J: Information and communications,92.6
2009,Q1,K: Financial and insurance activities,150.4
2009,Q1,L: Real estate activities,98.1
2009,Q1,"M, N: Professional and business services",94.7
2009,Q1,"P, Q, R, S: Social and personal services",98.3
2009,Q1,     85: Education,93.2
2009,Q1,     86: Human health activities,104.1
2009,Q1,     87-88: Residential care activities and social work activities without accommodation,98.0
2009,Q1,"     95: Repair of motor vehicles, motorcycles, computers, personal and household goods",94.9
2009,Q2,B: Mining and quarrying,91.7
2009,Q2,C: Manufacturing,88.2
2009,Q2,D: Electricity and gas supply,106.8
2009,Q2,"E: Sewerage, waste management and remediation activities",138.7
2009,Q2,G (part of): Import/export and wholesale trades,96.5
2009,Q2,G (part of): Retail trade,94.7
2009,Q2,"H: Transportation, storage, postal and courier services",89.5
2009,Q2,I: Accommodation and food service activities,83.3
2009,Q2,J: Information and communications,89.7
2009,Q2,K: Financial and insurance activities,123.7
2009,Q2,L: Real estate activities,101.8
2009,Q2,"M, N: Professional and business services",90.1
2009,Q2,"P, Q, R, S: Social and personal services",96.8
2009,Q2,     85: Education,96.9
2009,Q2,     86: Human health activities,106.0
2009,Q2,     87-88: Residential care activities and social work activities without accommodation,94.9
2009,Q2,"     95: Repair of motor vehicles, motorcycles, computers, personal and household goods",84.3
2009,Q3,B: Mining and quarrying,92.0
2009,Q3,C: Manufacturing,88.3
2009,Q3,D: Electricity and gas supply,108.9
2009,Q3,"E: Sewerage, waste management and remediation activities",133.7
2009,Q3,G (part of): Import/export and wholesale trades,103.0
2009,Q3,G (part of): Retail trade,99.1
2009,Q3,"H: Transportation, storage, postal and courier services",103.6
2009,Q3,I: Accommodation and food service activities,86.3
2009,Q3,J: Information and communications,89.1
2009,Q3,K: Financial and insurance activities,125.3
2009,Q3,L: Real estate activities,100.6
2009,Q3,"M, N: Professional and business services",91.5
2009,Q3,"P, Q, R, S: Social and personal services",99.5
2009,Q3,     85: Education,98.8
2009,Q3,     86: Human health activities,106.0
2009,Q3,     87-88: Residential care activities and social work activities without accommodation,95.5
2009,Q3,"     95: Repair of motor vehicles, motorcycles, computers, personal and household goods",87.5
2009,Q4,B: Mining and quarrying,95.1
2009,Q4,C: Manufacturing,91.5
2009,Q4,D: Electricity and gas supply,125.0
2009,Q4,"E: Sewerage, waste management and remediation activities",141.1
2009,Q4,G (part of): Import/export and wholesale trades,105.8
2009,Q4,G (part of): Retail trade,102.2
2009,Q4,"H: Transportation, storage, postal and courier services",110.4
2009,Q4,I: Accommodation and food service activities,87.5
2009,Q4,J: Information and communications,93.2
2009,Q4,K: Financial and insurance activities,131.6
2009,Q4,L: Real estate activities,96.1
2009,Q4,"M, N: Professional and business services",93.8
2009,Q4,"P, Q, R, S: Social and personal services",95.9
2009,Q4,     85: Education,93.5
2009,Q4,     86: Human health activities,107.4
2009,Q4,     87-88: Residential care activities and social work activities without accommodation,94.0
2009,Q4,"     95: Repair of motor vehicles, motorcycles, computers, personal and household goods",94.1
2010,Q1,B: Mining and quarrying,[*1]
2010,Q1,C: Manufacturing,94.1
2010,Q1,D: Electricity and gas supply,148.6
2010,Q1,"E: Sewerage, waste management and remediation activities",146.3
2010,Q1,G (part of): Import/export and wholesale trades,115.4
2010,Q1,G (part of): Retail trade,113.4
2010,Q1,"H: Transportation, storage, postal and courier services",108.8
2010,Q1,I: Accommodation and food service activities,91.8
2010,Q1,J: Information and communications,97.4
2010,Q1,K: Financial and insurance activities,157.4
2010,Q1,L: Real estate activities,101.7
2010,Q1,"M, N: Professional and business services",99.0
2010,Q1,"P, Q, R, S: Social and personal services",95.3
2010,Q1,     85: Education,91.6
2010,Q1,     86: Human health activities,102.7
2010,Q1,     87-88: Residential care activities and social work activities without accommodation,98.6
2010,Q1,"     95: Repair of motor vehicles, motorcycles, computers, personal and household goods",92.2
2010,Q2,B: Mining and quarrying,[*1]
2010,Q2,C: Manufacturing,90.8
2010,Q2,D: Electricity and gas supply,107.8
2010,Q2,"E: Sewerage, waste management and remediation activities",141.5
2010,Q2,G (part of): Import/export and wholesale trades,99.2
2010,Q2,G (part of): Retail trade,98.1
2010,Q2,"H: Transportation, storage, postal and courier services",95.5
2010,Q2,I: Accommodation and food service activities,86.5
2010,Q2,J: Information and communications,93.8
2010,Q2,K: Financial and insurance activities,132.1
2010,Q2,L: Real estate activities,102.3
2010,Q2,"M, N: Professional and business services",92.5
2010,Q2,"P, Q, R, S: Social and personal services",94.1
2010,Q2,     85: Education,94.7
2010,Q2,     86: Human health activities,103.2
2010,Q2,     87-88: Residential care activities and social work activities without accommodation,92.3
2010,Q2,"     95: Repair of motor vehicles, motorcycles, computers, personal and household goods",89.0
2010,Q3,B: Mining and quarrying,[*1]
2010,Q3,C: Manufacturing,89.3
2010,Q3,D: Electricity and gas supply,109.9
2010,Q3,"E: Sewerage, waste management and remediation activities",135.9
2010,Q3,G (part of): Import/export and wholesale trades,103.5
2010,Q3,G (part of): Retail trade,101.5
2010,Q3,"H: Transportation, storage, postal and courier services",107.4
2010,Q3,I: Accommodation and food service activities,88.9
2010,Q3,J: Information and communications,90.2
2010,Q3,K: Financial and insurance activities,131.8
2010,Q3,L: Real estate activities,101.9
2010,Q3,"M, N: Professional and business services",91.7
2010,Q3,"P, Q, R, S: Social and personal services",97.2
2010,Q3,     85: Education,95.6
2010,Q3,     86: Human health activities,104.5
2010,Q3,     87-88: Residential care activities and social work activities without accommodation,95.4
2010,Q3,"     95: Repair of motor vehicles, motorcycles, computers, personal and household goods",90.9
2010,Q4,B: Mining and quarrying,[*1]
2010,Q4,C: Manufacturing,94.0
2010,Q4,D: Electricity and gas supply,125.0
2010,Q4,"E: Sewerage, waste management and remediation activities",142.1
2010,Q4,G (part of): Import/export and wholesale trades,111.0
2010,Q4,G (part of): Retail trade,111.1
2010,Q4,"H: Transportation, storage, postal and courier services",112.2
2010,Q4,I: Accommodation and food service activities,89.2
2010,Q4,J: Information and communications,92.7
2010,Q4,K: Financial and insurance activities,148.1
2010,Q4,L: Real estate activities,95.9
2010,Q4,"M, N: Professional and business services",95.9
2010,Q4,"P, Q, R, S: Social and personal services",94.8
2010,Q4,     85: Education,90.5
2010,Q4,     86: Human health activities,105.2
2010,Q4,     87-88: Residential care activities and social work activities without accommodation,95.0
2010,Q4,"     95: Repair of motor vehicles, motorcycles, computers, personal and household goods",99.3
2011,Q1,B: Mining and quarrying,[*1]
2011,Q1,C: Manufacturing,103.1
2011,Q1,D: Electricity and gas supply,153.7
2011,Q1,"E: Sewerage, waste management and remediation activities",153.0
2011,Q1,G (part of): Import/export and wholesale trades,126.9
2011,Q1,G (part of): Retail trade,119.4
2011,Q1,"H: Transportation, storage, postal and courier services",117.8
2011,Q1,I: Accommodation and food service activities,100.6
2011,Q1,J: Information and communications,101.1
2011,Q1,K: Financial and insurance activities,183.4
2011,Q1,L: Real estate activities,106.5
2011,Q1,"M, N: Professional and business services",94.3
2011,Q1,"P, Q, R, S: Social and personal services",93.1
2011,Q1,     85: Education,90.8
2011,Q1,     86: Human health activities,100.7
2011,Q1,     87-88: Residential care activities and social work activities without accommodation,93.7
2011,Q1,"     95: Repair of motor vehicles, motorcycles, computers, personal and household goods",92.5
2011,Q2,B: Mining and quarrying,[*1]
2011,Q2,C: Manufacturing,96.4
2011,Q2,D: Electricity and gas supply,111.2
2011,Q2,"E: Sewerage, waste management and remediation activities",146.8
2011,Q2,G (part of): Import/export and wholesale trades,115.5
2011,Q2,G (part of): Retail trade,113.7
2011,Q2,"H: Transportation, storage, postal and courier services",103.2
2011,Q2,I: Accommodation and food service activities,96.9
2011,Q2,J: Information and communications,100.7
2011,Q2,K: Financial and insurance activities,150.7
2011,Q2,L: Real estate activities,113.0
2011,Q2,"M, N: Professional and business services",92.7
2011,Q2,"P, Q, R, S: Social and personal services",93.9
2011,Q2,     85: Education,95.9
2011,Q2,     86: Human health activities,104.1
2011,Q2,     87-88: Residential care activities and social work activities without accommodation,93.2
2011,Q2,"     95: Repair of motor vehicles, motorcycles, computers, personal and household goods",94.3
2011,Q3,B: Mining and quarrying,[*1]
2011,Q3,C: Manufacturing,93.7
2011,Q3,D: Electricity and gas supply,113.5
2011,Q3,"E: Sewerage, waste management and remediation activities",138.3
2011,Q3,G (part of): Import/export and wholesale trades,116.8
2011,Q3,G (part of): Retail trade,116.9
2011,Q3,"H: Transportation, storage, postal and courier services",104.0
2011,Q3,I: Accommodation and food service activities,95.4
2011,Q3,J: Information and communications,97.2
2011,Q3,K: Financial and insurance activities,142.3
2011,Q3,L: Real estate activities,114.9
2011,Q3,"M, N: Professional and business services",98.3
2011,Q3,"P, Q, R, S: Social and personal services",105.9
2011,Q3,     85: Education,102.8
2011,Q3,     86: Human health activities,114.5
2011,Q3,     87-88: Residential care activities and social work activities without accommodation,97.9
2011,Q3,"     95: Repair of motor vehicles, motorcycles, computers, personal and household goods",91.5
2011,Q4,B: Mining and quarrying,[*1]
2011,Q4,C: Manufacturing,101.6
2011,Q4,D: Electricity and gas supply,128.9
2011,Q4,"E: Sewerage, waste management and remediation activities",159.7
2011,Q4,G (part of): Import/export and wholesale trades,125.0
2011,Q4,G (part of): Retail trade,126.2
2011,Q4,"H: Transportation, storage, postal and courier services",115.7
2011,Q4,I: Accommodation and food service activities,98.0
2011,Q4,J: Information and communications,102.7
2011,Q4,K: Financial and insurance activities,158.5
2011,Q4,L: Real estate activities,113.3
2011,Q4,"M, N: Professional and business services",101.3
2011,Q4,"P, Q, R, S: Social and personal services",100.3
2011,Q4,     85: Education,96.8
2011,Q4,     86: Human health activities,111.1
2011,Q4,     87-88: Residential care activities and social work activities without accommodation,101.3
2011,Q4,"     95: Repair of motor vehicles, motorcycles, computers, personal and household goods",101.3
2012,Q1,B: Mining and quarrying,[*1]
2012,Q1,C: Manufacturing,117.5
2012,Q1,D: Electricity and gas supply,158.0
2012,Q1,"E: Sewerage, waste management and remediation activities",162.7
2012,Q1,G (part of): Import/export and wholesale trades,131.0
2012,Q1,G (part of): Retail trade,138.1
2012,Q1,"H: Transportation, storage, postal and courier services",111.6
2012,Q1,I: Accommodation and food service activities,107.5
2012,Q1,J: Information and communications,110.6
2012,Q1,K: Financial and insurance activities,194.0
2012,Q1,L: Real estate activities,121.9
2012,Q1,"M, N: Professional and business services",100.3
2012,Q1,"P, Q, R, S: Social and personal services",100.8
2012,Q1,     85: Education,97.1
2012,Q1,     86: Human health activities,108.0
2012,Q1,     87-88: Residential care activities and social work activities without accommodation,101.0
2012,Q1,"     95: Repair of motor vehicles, motorcycles, computers, personal and household goods",99.5
2012,Q2,B: Mining and quarrying,[*1]
2012,Q2,C: Manufacturing,102.0
2012,Q2,D: Electricity and gas supply,116.1
2012,Q2,"E: Sewerage, waste management and remediation activities",153.2
2012,Q2,G (part of): Import/export and wholesale trades,120.8
2012,Q2,G (part of): Retail trade,121.3
2012,Q2,"H: Transportation, storage, postal and courier services",104.9
2012,Q2,I: Accommodation and food service activities,102.8
2012,Q2,J: Information and communications,108.4
2012,Q2,K: Financial and insurance activities,156.4
2012,Q2,L: Real estate activities,119.7
2012,Q2,"M, N: Professional and business services",99.0
2012,Q2,"P, Q, R, S: Social and personal services",102.1
2012,Q2,     85: Education,98.8
2012,Q2,     86: Human health activities,109.9
2012,Q2,     87-88: Residential care activities and social work activities without accommodation,96.2
2012,Q2,"     95: Repair of motor vehicles, motorcycles, computers, personal and household goods",102.7
2012,Q3,B: Mining and quarrying,[*1]
2012,Q3,C: Manufacturing,101.8
2012,Q3,D: Electricity and gas supply,119.8
2012,Q3,"E: Sewerage, waste management and remediation activities",146.0
2012,Q3,G (part of): Import/export and wholesale trades,121.2
2012,Q3,G (part of): Retail trade,126.4
2012,Q3,"H: Transportation, storage, postal and courier services",109.3
2012,Q3,I: Accommodation and food service activities,100.2
2012,Q3,J: Information and communications,106.0
2012,Q3,K: Financial and insurance activities,148.0
2012,Q3,L: Real estate activities,119.4
2012,Q3,"M, N: Professional and business services",101.0
2012,Q3,"P, Q, R, S: Social and personal services",113.8
2012,Q3,     85: Education,109.0
2012,Q3,     86: Human health activities,119.7
2012,Q3,     87-88: Residential care activities and social work activities without accommodation,101.5
2012,Q3,"     95: Repair of motor vehicles, motorcycles, computers, personal and household goods",102.5
2012,Q4,B: Mining and quarrying,[*1]
2012,Q4,C: Manufacturing,107.6
2012,Q4,D: Electricity and gas supply,[*1]
2012,Q4,"E: Sewerage, waste management and remediation activities",163.0
2012,Q4,G (part of): Import/export and wholesale trades,132.6
2012,Q4,G (part of): Retail trade,138.7
2012,Q4,"H: Transportation, storage, postal and courier services",122.4
2012,Q4,I: Accommodation and food service activities,103.9
2012,Q4,J: Information and communications,110.0
2012,Q4,K: Financial and insurance activities,164.5
2012,Q4,L: Real estate activities,120.2
2012,Q4,"M, N: Professional and business services",105.4
2012,Q4,"P, Q, R, S: Social and personal services",105.6
2012,Q4,     85: Education,101.2
2012,Q4,     86: Human health activities,114.2
2012,Q4,     87-88: Residential care activities and social work activities without accommodation,105.6
2012,Q4,"     95: Repair of motor vehicles, motorcycles, computers, personal and household goods",106.7
2013,Q1,B: Mining and quarrying,[*1]
2013,Q1,C: Manufacturing,120.1
2013,Q1,D: Electricity and gas supply,[*1]
2013,Q1,"E: Sewerage, waste management and remediation activities",168.5
2013,Q1,G (part of): Import/export and wholesale trades,135.2
2013,Q1,G (part of): Retail trade,144.9
2013,Q1,"H: Transportation, storage, postal and courier services",116.7
2013,Q1,I: Accommodation and food service activities,112.5
2013,Q1,J: Information and communications,115.5
2013,Q1,K: Financial and insurance activities,206.4
2013,Q1,L: Real estate activities,127.4
2013,Q1,"M, N: Professional and business services",105.0
2013,Q1,"P, Q, R, S: Social and personal services",106.7
2013,Q1,     85: Education,102.1
2013,Q1,     86: Human health activities,112.1
2013,Q1,     87-88: Residential care activities and social work activities without accommodation,105.1
2013,Q1,"     95: Repair of motor vehicles, motorcycles, computers, personal and household goods",106.1
2013,Q2,B: Mining and quarrying,[*1]
2013,Q2,C: Manufacturing,105.2
2013,Q2,D: Electricity and gas supply,[*1]
2013,Q2,"E: Sewerage, waste management and remediation activities",162.9
2013,Q2,G (part of): Import/export and wholesale trades,121.3
2013,Q2,G (part of): Retail trade,131.0
2013,Q2,"H: Transportation, storage, postal and courier services",110.9
2013,Q2,I: Accommodation and food service activities,110.7
2013,Q2,J: Information and communications,113.8
2013,Q2,K: Financial and insurance activities,161.7
2013,Q2,L: Real estate activities,127.4
2013,Q2,"M, N: Professional and business services",106.3
2013,Q2,"P, Q, R, S: Social and personal services",106.3
2013,Q2,     85: Education,103.8
2013,Q2,     86: Human health activities,114.2
2013,Q2,     87-88: Residential care activities and social work activities without accommodation,101.9
2013,Q2,"     95: Repair of motor vehicles, motorcycles, computers, personal and household goods",117.1
2013,Q3,B: Mining and quarrying,[*1]
2013,Q3,C: Manufacturing,104.9
2013,Q3,D: Electricity and gas supply,[*1]
2013,Q3,"E: Sewerage, waste management and remediation activities",157.3
2013,Q3,G (part of): Import/export and wholesale trades,128.2
2013,Q3,G (part of): Retail trade,135.2
2013,Q3,"H: Transportation, storage, postal and courier services",114.6
2013,Q3,I: Accommodation and food service activities,107.9
2013,Q3,J: Information and communications,111.9
2013,Q3,K: Financial and insurance activities,152.4
2013,Q3,L: Real estate activities,128.3
2013,Q3,"M, N: Professional and business services",109.0
2013,Q3,"P, Q, R, S: Social and personal services",116.1
2013,Q3,     85: Education,112.0
2013,Q3,     86: Human health activities,120.9
2013,Q3,     87-88: Residential care activities and social work activities without accommodation,106.1
2013,Q3,"     95: Repair of motor vehicles, motorcycles, computers, personal and household goods",110.0
2013,Q4,B: Mining and quarrying,[*1]
2013,Q4,C: Manufacturing,110.5
2013,Q4,D: Electricity and gas supply,[*1]
2013,Q4,"E: Sewerage, waste management and remediation activities",168.5
2013,Q4,G (part of): Import/export and wholesale trades,136.8
2013,Q4,G (part of): Retail trade,148.0
2013,Q4,"H: Transportation, storage, postal and courier services",128.6
2013,Q4,I: Accommodation and food service activities,111.0
2013,Q4,J: Information and communications,116.9
2013,Q4,K: Financial and insurance activities,170.8
2013,Q4,L: Real estate activities,126.0
2013,Q4,"M, N: Professional and business services",113.5
2013,Q4,"P, Q, R, S: Social and personal services",109.5
2013,Q4,     85: Education,105.2
2013,Q4,     86: Human health activities,116.4
2013,Q4,     87-88: Residential care activities and social work activities without accommodation,108.1
2013,Q4,"     95: Repair of motor vehicles, motorcycles, computers, personal and household goods",113.8
2014,Q1,B: Mining and quarrying,[*1]
2014,Q1,C: Manufacturing,125.0
2014,Q1,D: Electricity and gas supply,[*1]
2014,Q1,"E: Sewerage, waste management and remediation activities",178.8
2014,Q1,G (part of): Import/export and wholesale trades,137.5
2014,Q1,G (part of): Retail trade,154.8
2014,Q1,"H: Transportation, storage, postal and courier services",121.5
2014,Q1,I: Accommodation and food service activities,119.1
2014,Q1,J: Information and communications,123.1
2014,Q1,K: Financial and insurance activities,224.3
2014,Q1,L: Real estate activities,133.0
2014,Q1,"M, N: Professional and business services",113.4
2014,Q1,"P, Q, R, S: Social and personal services",110.2
2014,Q1,     85: Education,106.7
2014,Q1,     86: Human health activities,115.1
2014,Q1,     87-88: Residential care activities and social work activities without accommodation,107.4
2014,Q1,"     95: Repair of motor vehicles, motorcycles, computers, personal and household goods",115.7
2014,Q2,B: Mining and quarrying,[*1]
2014,Q2,C: Manufacturing,111.1
2014,Q2,D: Electricity and gas supply,[*1]
2014,Q2,"E: Sewerage, waste management and remediation activities",176.6
2014,Q2,G (part of): Import/export and wholesale trades,126.6
2014,Q2,G (part of): Retail trade,136.8
2014,Q2,"H: Transportation, storage, postal and courier services",114.9
2014,Q2,I: Accommodation and food service activities,116.3
2014,Q2,J: Information and communications,118.3
2014,Q2,K: Financial and insurance activities,169.3
2014,Q2,L: Real estate activities,134.7
2014,Q2,"M, N: Professional and business services",113.2
2014,Q2,"P, Q, R, S: Social and personal services",110.4
2014,Q2,     85: Education,108.1
2014,Q2,     86: Human health activities,117.4
2014,Q2,     87-88: Residential care activities and social work activities without accommodation,106.7
2014,Q2,"     95: Repair of motor vehicles, motorcycles, computers, personal and household goods",123.2
2014,Q3,B: Mining and quarrying,[*1]
2014,Q3,C: Manufacturing,110.6
2014,Q3,D: Electricity and gas supply,[*1]
2014,Q3,"E: Sewerage, waste management and remediation activities",164.1
2014,Q3,G (part of): Import/export and wholesale trades,132.6
2014,Q3,G (part of): Retail trade,138.3
2014,Q3,"H: Transportation, storage, postal and courier services",118.4
2014,Q3,I: Accommodation and food service activities,113.4
2014,Q3,J: Information and communications,117.8
2014,Q3,K: Financial and insurance activities,161.1
2014,Q3,L: Real estate activities,132.3
2014,Q3,"M, N: Professional and business services",115.7
2014,Q3,"P, Q, R, S: Social and personal services",114.5
2014,Q3,     85: Education,109.9
2014,Q3,     86: Human health activities,118.9
2014,Q3,     87-88: Residential care activities and social work activities without accommodation,106.9
2014,Q3,"     95: Repair of motor vehicles, motorcycles, computers, personal and household goods",114.1
2014,Q4,B: Mining and quarrying,[*1]
2014,Q4,C: Manufacturing,117.7
2014,Q4,D: Electricity and gas supply,[*1]
2014,Q4,"E: Sewerage, waste management and remediation activities",176.7
2014,Q4,G (part of): Import/export and wholesale trades,140.3
2014,Q4,G (part of): Retail trade,152.5
2014,Q4,"H: Transportation, storage, postal and courier services",131.5
2014,Q4,I: Accommodation and food service activities,116.3
2014,Q4,J: Information and communications,122.8
2014,Q4,K: Financial and insurance activities,177.7
2014,Q4,L: Real estate activities,132.8
2014,Q4,"M, N: Professional and business services",121.4
2014,Q4,"P, Q, R, S: Social and personal services",110.6
2014,Q4,     85: Education,108.9
2014,Q4,     86: Human health activities,116.0
2014,Q4,     87-88: Residential care activities and social work activities without accommodation,110.3
2014,Q4,"     95: Repair of motor vehicles, motorcycles, computers, personal and household goods",121.9
2015,Q1,B: Mining and quarrying,[*1]
2015,Q1,C: Manufacturing,132.8
2015,Q1,D: Electricity and gas supply,[*1]
2015,Q1,"E: Sewerage, waste management and remediation activities",192.0
2015,Q1,G (part of): Import/export and wholesale trades,142.3
2015,Q1,G (part of): Retail trade,161.0
2015,Q1,"H: Transportation, storage, postal and courier services",125.2
2015,Q1,I: Accommodation and food service activities,125.8
2015,Q1,J: Information and communications,129.4
2015,Q1,K: Financial and insurance activities,234.0
2015,Q1,L: Real estate activities,139.0
2015,Q1,"M, N: Professional and business services",121.0
2015,Q1,"P, Q, R, S: Social and personal services",119.5
2015,Q1,     85: Education,115.1
2015,Q1,     86: Human health activities,132.6
2015,Q1,     87-88: Residential care activities and social work activities without accommodation,117.9
2015,Q1,"     95: Repair of motor vehicles, motorcycles, computers, personal and household goods",125.6
2015,Q2,B: Mining and quarrying,[*1]
2015,Q2,C: Manufacturing,116.7
2015,Q2,D: Electricity and gas supply,[*1]
2015,Q2,"E: Sewerage, waste management and remediation activities",181.2
2015,Q2,G (part of): Import/export and wholesale trades,132.4
2015,Q2,G (part of): Retail trade,141.9
2015,Q2,"H: Transportation, storage, postal and courier services",120.4
2015,Q2,I: Accommodation and food service activities,123.0
2015,Q2,J: Information and communications,125.2
2015,Q2,K: Financial and insurance activities,177.9
2015,Q2,L: Real estate activities,142.1
2015,Q2,"M, N: Professional and business services",119.5
2015,Q2,"P, Q, R, S: Social and personal services",114.9
2015,Q2,     85: Education,112.5
2015,Q2,     86: Human health activities,122.5
2015,Q2,     87-88: Residential care activities and social work activities without accommodation,113.7
2015,Q2,"     95: Repair of motor vehicles, motorcycles, computers, personal and household goods",131.3
2015,Q3,B: Mining and quarrying,[*1]
2015,Q3,C: Manufacturing,115.7
2015,Q3,D: Electricity and gas supply,[*1]
2015,Q3,"E: Sewerage, waste management and remediation activities",176.3
2015,Q3,G (part of): Import/export and wholesale trades,137.7
2015,Q3,G (part of): Retail trade,143.2
2015,Q3,"H: Transportation, storage, postal and courier services",125.0
2015,Q3,I: Accommodation and food service activities,119.9
2015,Q3,J: Information and communications,122.5
2015,Q3,K: Financial and insurance activities,166.8
2015,Q3,L: Real estate activities,139.1
2015,Q3,"M, N: Professional and business services",120.9
2015,Q3,"P, Q, R, S: Social and personal services",124.5
2015,Q3,     85: Education,120.0
2015,Q3,     86: Human health activities,133.0
2015,Q3,     87-88: Residential care activities and social work activities without accommodation,116.7
2015,Q3,"     95: Repair of motor vehicles, motorcycles, computers, personal and household goods",118.4
2015,Q4,B: Mining and quarrying,[*1]
2015,Q4,C: Manufacturing,122.7
2015,Q4,D: Electricity and gas supply,[*1]
2015,Q4,"E: Sewerage, waste management and remediation activities",187.3
2015,Q4,G (part of): Import/export and wholesale trades,144.4
2015,Q4,G (part of): Retail trade,157.5
2015,Q4,"H: Transportation, storage, postal and courier services",136.6
2015,Q4,I: Accommodation and food service activities,123.1
2015,Q4,J: Information and communications,125.7
2015,Q4,K: Financial and insurance activities,183.8
2015,Q4,L: Real estate activities,139.6
2015,Q4,"M, N: Professional and business services",129.2
2015,Q4,"P, Q, R, S: Social and personal services",116.2
2015,Q4,     85: Education,112.2
2015,Q4,     86: Human health activities,128.5
2015,Q4,     87-88: Residential care activities and social work activities without accommodation,119.9
2015,Q4,"     95: Repair of motor vehicles, motorcycles, computers, personal and household goods",124.4
2016,Q1,B: Mining and quarrying,[*1]
2016,Q1,C: Manufacturing,138.1
2016,Q1,D: Electricity and gas supply,[*1]
2016,Q1,"E: Sewerage, waste management and remediation activities",201.7
2016,Q1,G (part of): Import/export and wholesale trades,145.9
2016,Q1,G (part of): Retail trade,164.3
2016,Q1,"H: Transportation, storage, postal and courier services",130.0
2016,Q1,I: Accommodation and food service activities,132.1
2016,Q1,J: Information and communications,133.5
2016,Q1,K: Financial and insurance activities,239.9
2016,Q1,L: Real estate activities,144.5
2016,Q1,"M, N: Professional and business services",128.0
2016,Q1,"P, Q, R, S: Social and personal services",118.0
2016,Q1,     85: Education,114.1
2016,Q1,     86: Human health activities,124.8
2016,Q1,     87-88: Residential care activities and social work activities without accommodation,119.6
2016,Q1,"     95: Repair of motor vehicles, motorcycles, computers, personal and household goods",129.3
2016,Q2,B: Mining and quarrying,[*1]
2016,Q2,C: Manufacturing,121.4
2016,Q2,D: Electricity and gas supply,[*1]
2016,Q2,"E: Sewerage, waste management and remediation activities",187.4
2016,Q2,G (part of): Import/export and wholesale trades,135.5
2016,Q2,G (part of): Retail trade,145.1
2016,Q2,"H: Transportation, storage, postal and courier services",124.8
2016,Q2,I: Accommodation and food service activities,129.3
2016,Q2,J: Information and communications,129.0
2016,Q2,K: Financial and insurance activities,183.2
2016,Q2,L: Real estate activities,147.9
2016,Q2,"M, N: Professional and business services",125.5
2016,Q2,"P, Q, R, S: Social and personal services",119.2
2016,Q2,     85: Education,116.7
2016,Q2,     86: Human health activities,126.4
2016,Q2,     87-88: Residential care activities and social work activities without accommodation,118.3
2016,Q2,"     95: Repair of motor vehicles, motorcycles, computers, personal and household goods",135.5
2016,Q3,B: Mining and quarrying,[*1]
2016,Q3,C: Manufacturing,120.2
2016,Q3,D: Electricity and gas supply,[*1]
2016,Q3,"E: Sewerage, waste management and remediation activities",182.3
2016,Q3,G (part of): Import/export and wholesale trades,140.3
2016,Q3,G (part of): Retail trade,147.2
2016,Q3,"H: Transportation, storage, postal and courier services",128.0
2016,Q3,I: Accommodation and food service activities,126.2
2016,Q3,J: Information and communications,126.9
2016,Q3,K: Financial and insurance activities,171.6
2016,Q3,L: Real estate activities,145.3
2016,Q3,"M, N: Professional and business services",126.7
2016,Q3,"P, Q, R, S: Social and personal services",129.5
2016,Q3,     85: Education,124.3
2016,Q3,     86: Human health activities,139.5
2016,Q3,     87-88: Residential care activities and social work activities without accommodation,123.6
2016,Q3,"     95: Repair of motor vehicles, motorcycles, computers, personal and household goods",121.5
2016,Q4,B: Mining and quarrying,[*1]
2016,Q4,C: Manufacturing,126.5
2016,Q4,D: Electricity and gas supply,[*1]
2016,Q4,"E: Sewerage, waste management and remediation activities",193.5
2016,Q4,G (part of): Import/export and wholesale trades,148.1
2016,Q4,G (part of): Retail trade,162.1
2016,Q4,"H: Transportation, storage, postal and courier services",141.2
2016,Q4,I: Accommodation and food service activities,129.4
2016,Q4,J: Information and communications,130.7
2016,Q4,K: Financial and insurance activities,190.4
2016,Q4,L: Real estate activities,145.8
2016,Q4,"M, N: Professional and business services",135.1
2016,Q4,"P, Q, R, S: Social and personal services",120.0
2016,Q4,     85: Education,116.0
2016,Q4,     86: Human health activities,131.6
2016,Q4,     87-88: Residential care activities and social work activities without accommodation,125.8
2016,Q4,"     95: Repair of motor vehicles, motorcycles, computers, personal and household goods",128.7
2017,Q1,B: Mining and quarrying,[*1]
2017,Q1,C: Manufacturing,142.6
2017,Q1,D: Electricity and gas supply,[*1]
2017,Q1,"E: Sewerage, waste management and remediation activities",208.2
2017,Q1,G (part of): Import/export and wholesale trades,149.1
2017,Q1,G (part of): Retail trade,168.6
2017,Q1,"H: Transportation, storage, postal and courier services",134.3
2017,Q1,I: Accommodation and food service activities,137.2
2017,Q1,J: Information and communications,137.8
2017,Q1,K: Financial and insurance activities,245.9
2017,Q1,L: Real estate activities,150.6
2017,Q1,"M, N: Professional and business services",133.3
2017,Q1,"P, Q, R, S: Social and personal services",123.4
2017,Q1,     85: Education,119.4
2017,Q1,     86: Human health activities,130.2
2017,Q1,     87-88: Residential care activities and social work activities without accommodation,126.3
2017,Q1,"     95: Repair of motor vehicles, motorcycles, computers, personal and household goods",135.2
2017,Q2,B: Mining and quarrying,[*1]
2017,Q2,C: Manufacturing,126.1
2017,Q2,D: Electricity and gas supply,[*1]
2017,Q2,"E: Sewerage, waste management and remediation activities",195.9
2017,Q2,G (part of): Import/export and wholesale trades,139.6
2017,Q2,G (part of): Retail trade,149.7
2017,Q2,"H: Transportation, storage, postal and courier services",129.3
2017,Q2,I: Accommodation and food service activities,136.2
2017,Q2,J: Information and communications,132.7
2017,Q2,K: Financial and insurance activities,189.5
2017,Q2,L: Real estate activities,154.9
2017,Q2,"M, N: Professional and business services",130.6
2017,Q2,"P, Q, R, S: Social and personal services",123.6
2017,Q2,     85: Education,119.4
2017,Q2,     86: Human health activities,132.2
2017,Q2,     87-88: Residential care activities and social work activities without accommodation,123.9
2017,Q2,"     95: Repair of motor vehicles, motorcycles, computers, personal and household goods",146.6
2017,Q3,B: Mining and quarrying,[*1]
2017,Q3,C: Manufacturing,124.5
2017,Q3,D: Electricity and gas supply,[*1]
2017,Q3,"E: Sewerage, waste management and remediation activities",191.3
2017,Q3,G (part of): Import/export and wholesale trades,145.0
2017,Q3,G (part of): Retail trade,152.2
2017,Q3,"H: Transportation, storage, postal and courier services",132.7
2017,Q3,I: Accommodation and food service activities,133.2
2017,Q3,J: Information and communications,131.4
2017,Q3,K: Financial and insurance activities,177.2
2017,Q3,L: Real estate activities,151.3
2017,Q3,"M, N: Professional and business services",132.1
2017,Q3,"P, Q, R, S: Social and personal services",128.6
2017,Q3,     85: Education,122.9
2017,Q3,     86: Human health activities,135.4
2017,Q3,     87-88: Residential care activities and social work activities without accommodation,125.9
2017,Q3,"     95: Repair of motor vehicles, motorcycles, computers, personal and household goods",127.5
2017,Q4,B: Mining and quarrying,[*1]
2017,Q4,C: Manufacturing,131.4
2017,Q4,D: Electricity and gas supply,[*1]
2017,Q4,"E: Sewerage, waste management and remediation activities",202.8
2017,Q4,G (part of): Import/export and wholesale trades,153.0
2017,Q4,G (part of): Retail trade,167.5
2017,Q4,"H: Transportation, storage, postal and courier services",145.2
2017,Q4,I: Accommodation and food service activities,134.6
2017,Q4,J: Information and communications,135.5
2017,Q4,K: Financial and insurance activities,195.7
2017,Q4,L: Real estate activities,152.0
2017,Q4,"M, N: Professional and business services",141.1
2017,Q4,"P, Q, R, S: Social and personal services",127.0
2017,Q4,     85: Education,122.9
2017,Q4,     86: Human health activities,140.6
2017,Q4,     87-88: Residential care activities and social work activities without accommodation,133.4
2017,Q4,"     95: Repair of motor vehicles, motorcycles, computers, personal and household goods",131.0
2018,Q1,B: Mining and quarrying,[*1]
2018,Q1,C: Manufacturing,147.5
2018,Q1,D: Electricity and gas supply,[*1]
2018,Q1,"E: Sewerage, waste management and remediation activities",217.8
2018,Q1,G (part of): Import/export and wholesale trades,154.4
2018,Q1,G (part of): Retail trade,174.5
2018,Q1,"H: Transportation, storage, postal and courier services",138.6
2018,Q1,I: Accommodation and food service activities,143.8
2018,Q1,J: Information and communications,142.2
2018,Q1,K: Financial and insurance activities,253.3
2018,Q1,L: Real estate activities,157.1
2018,Q1,"M, N: Professional and business services",139.4
2018,Q1,"P, Q, R, S: Social and personal services",126.9
2018,Q1,     85: Education,122.5
2018,Q1,     86: Human health activities,133.0
2018,Q1,     87-88: Residential care activities and social work activities without accommodation,131.0
2018,Q1,"     95: Repair of motor vehicles, motorcycles, computers, personal and household goods",142.2
2018,Q2,B: Mining and quarrying,[*1]
2018,Q2,C: Manufacturing,130.9
2018,Q2,D: Electricity and gas supply,[*1]
2018,Q2,"E: Sewerage, waste management and remediation activities",205.3
2018,Q2,G (part of): Import/export and wholesale trades,144.2
2018,Q2,G (part of): Retail trade,154.7
2018,Q2,"H: Transportation, storage, postal and courier services",134.1
2018,Q2,I: Accommodation and food service activities,143.0
2018,Q2,J: Information and communications,137.2
2018,Q2,K: Financial and insurance activities,195.4
2018,Q2,L: Real estate activities,161.8
2018,Q2,"M, N: Professional and business services",136.3
2018,Q2,"P, Q, R, S: Social and personal services",127.4
2018,Q2,     85: Education,122.6
2018,Q2,     86: Human health activities,136.6
2018,Q2,     87-88: Residential care activities and social work activities without accommodation,128.9
2018,Q2,"     95: Repair of motor vehicles, motorcycles, computers, personal and household goods",153.9
2018,Q3,B: Mining and quarrying,[*1]
2018,Q3,C: Manufacturing,129.3
2018,Q3,D: Electricity and gas supply,[*1]
2018,Q3,"E: Sewerage, waste management and remediation activities",200.8
2018,Q3,G (part of): Import/export and wholesale trades,149.6
2018,Q3,G (part of): Retail trade,156.9
2018,Q3,"H: Transportation, storage, postal and courier services",139.1
2018,Q3,I: Accommodation and food service activities,140.7
2018,Q3,J: Information and communications,135.5
2018,Q3,K: Financial and insurance activities,182.8
2018,Q3,L: Real estate activities,157.8
2018,Q3,"M, N: Professional and business services",138.1
2018,Q3,"P, Q, R, S: Social and personal services",138.6
2018,Q3,     85: Education,131.9
2018,Q3,     86: Human health activities,149.1
2018,Q3,     87-88: Residential care activities and social work activities without accommodation,135.2
2018,Q3,"     95: Repair of motor vehicles, motorcycles, computers, personal and household goods",133.6
2018,Q4,B: Mining and quarrying,[*1]
2018,Q4,C: Manufacturing,136.6
2018,Q4,D: Electricity and gas supply,[*1]
2018,Q4,"E: Sewerage, waste management and remediation activities",211.1
2018,Q4,G (part of): Import/export and wholesale trades,157.3
2018,Q4,G (part of): Retail trade,171.8
2018,Q4,"H: Transportation, storage, postal and courier services",152.1
2018,Q4,I: Accommodation and food service activities,142.3
2018,Q4,J: Information and communications,140.0
2018,Q4,K: Financial and insurance activities,202.2
2018,Q4,L: Real estate activities,158.2
2018,Q4,"M, N: Professional and business services",147.8
2018,Q4,"P, Q, R, S: Social and personal services",130.7
2018,Q4,     85: Education,127.2
2018,Q4,     86: Human health activities,140.7
2018,Q4,     87-88: Residential care activities and social work activities without accommodation,139.2
2018,Q4,"     95: Repair of motor vehicles, motorcycles, computers, personal and household goods",135.7
2019,Q1,B: Mining and quarrying,[*1]
2019,Q1,C: Manufacturing,153.2
2019,Q1,D: Electricity and gas supply,[*1]
2019,Q1,"E: Sewerage, waste management and remediation activities",226.7
2019,Q1,G (part of): Import/export and wholesale trades,158.7
2019,Q1,G (part of): Retail trade,178.6
2019,Q1,"H: Transportation, storage, postal and courier services",145.5
2019,Q1,I: Accommodation and food service activities,151.3
2019,Q1,J: Information and communications,148.0
2019,Q1,K: Financial and insurance activities,261.4
2019,Q1,L: Real estate activities,163.6
2019,Q1,"M, N: Professional and business services",146.1
2019,Q1,"P, Q, R, S: Social and personal services",132.0
2019,Q1,     85: Education,127.4
2019,Q1,     86: Human health activities,138.4
2019,Q1,     87-88: Residential care activities and social work activities without accommodation,137.6
2019,Q1,"     95: Repair of motor vehicles, motorcycles, computers, personal and household goods",146.5
2019,Q2,B: Mining and quarrying,[*1]
2019,Q2,C: Manufacturing,136.4
2019,Q2,D: Electricity and gas supply,[*1]
2019,Q2,"E: Sewerage, waste management and remediation activities",215.7
2019,Q2,G (part of): Import/export and wholesale trades,148.0
2019,Q2,G (part of): Retail trade,158.6
2019,Q2,"H: Transportation, storage, postal and courier services",140.4
2019,Q2,I: Accommodation and food service activities,150.6
2019,Q2,J: Information and communications,143.1
2019,Q2,K: Financial and insurance activities,201.6
2019,Q2,L: Real estate activities,169.0
2019,Q2,"M, N: Professional and business services",142.0
2019,Q2,"P, Q, R, S: Social and personal services",132.5
2019,Q2,     85: Education,127.6
2019,Q2,     86: Human health activities,142.0
2019,Q2,     87-88: Residential care activities and social work activities without accommodation,135.5
2019,Q2,"     95: Repair of motor vehicles, motorcycles, computers, personal and household goods",158.5
2019,Q3,B: Mining and quarrying,[*1]
2019,Q3,C: Manufacturing,134.7
2019,Q3,D: Electricity and gas supply,[*1]
2019,Q3,"E: Sewerage, waste management and remediation activities",209.4
2019,Q3,G (part of): Import/export and wholesale trades,152.9
2019,Q3,G (part of): Retail trade,160.3
2019,Q3,"H: Transportation, storage, postal and courier services",143.9
2019,Q3,I: Accommodation and food service activities,147.5
2019,Q3,J: Information and communications,140.9
2019,Q3,K: Financial and insurance activities,188.2
2019,Q3,L: Real estate activities,164.3
2019,Q3,"M, N: Professional and business services",143.4
2019,Q3,"P, Q, R, S: Social and personal services",138.7
2019,Q3,     85: Education,134.3
2019,Q3,     86: Human health activities,144.6
2019,Q3,     87-88: Residential care activities and social work activities without accommodation,140.5
2019,Q3,"     95: Repair of motor vehicles, motorcycles, computers, personal and household goods",139.6
2019,Q4,B: Mining and quarrying,[*1]
2019,Q4,C: Manufacturing,140.8
2019,Q4,D: Electricity and gas supply,[*1]
2019,Q4,"E: Sewerage, waste management and remediation activities",219.2
2019,Q4,G (part of): Import/export and wholesale trades,159.8
2019,Q4,G (part of): Retail trade,174.7
2019,Q4,"H: Transportation, storage, postal and courier services",156.5
2019,Q4,I: Accommodation and food service activities,147.1
2019,Q4,J: Information and communications,144.6
2019,Q4,K: Financial and insurance activities,206.7
2019,Q4,L: Real estate activities,163.9
2019,Q4,"M, N: Professional and business services",152.1
2019,Q4,"P, Q, R, S: Social and personal services",132.7
2019,Q4,     85: Education,129.7
2019,Q4,     86: Human health activities,140.3
2019,Q4,     87-88: Residential care activities and social work activities without accommodation,142.7
2019,Q4,"     95: Repair of motor vehicles, motorcycles, computers, personal and household goods",139.9
2020,Q1,B: Mining and quarrying,[*1]
2020,Q1,C: Manufacturing,155.9
2020,Q1,D: Electricity and gas supply,[*1]
2020,Q1,"E: Sewerage, waste management and remediation activities",235.4
2020,Q1,G (part of): Import/export and wholesale trades,160.7
2020,Q1,G (part of): Retail trade,179.5
2020,Q1,"H: Transportation, storage, postal and courier services",143.8
2020,Q1,I: Accommodation and food service activities,149.2
2020,Q1,J: Information and communications,152.8
2020,Q1,K: Financial and insurance activities,266.2
2020,Q1,L: Real estate activities,167.3
2020,Q1,"M, N: Professional and business services",150.0
2020,Q1,"P, Q, R, S: Social and personal services",145.5
2020,Q1,     85: Education,137.7
2020,Q1,     86: Human health activities,159.1
2020,Q1,     87-88: Residential care activities and social work activities without accommodation,152.7
2020,Q1,"     95: Repair of motor vehicles, motorcycles, computers, personal and household goods",143.6
2020,Q2,B: Mining and quarrying,[*1]
2020,Q2,C: Manufacturing,135.2
2020,Q2,D: Electricity and gas supply,[*1]
2020,Q2,"E: Sewerage, waste management and remediation activities",220.8
2020,Q2,G (part of): Import/export and wholesale trades,149.0
2020,Q2,G (part of): Retail trade,158.8
2020,Q2,"H: Transportation, storage, postal and courier services",135.0
2020,Q2,I: Accommodation and food service activities,146.6
2020,Q2,J: Information and communications,146.3
2020,Q2,K: Financial and insurance activities,205.0
2020,Q2,L: Real estate activities,171.8
2020,Q2,"M, N: Professional and business services",143.8
2020,Q2,"P, Q, R, S: Social and personal services",138.6
2020,Q2,     85: Education,133.2
2020,Q2,     86: Human health activities,149.8
2020,Q2,     87-88: Residential care activities and social work activities without accommodation,143.7
2020,Q2,"     95: Repair of motor vehicles, motorcycles, computers, personal and household goods",154.1
2020,Q3,B: Mining and quarrying,[*1]
2020,Q3,C: Manufacturing,133.0
2020,Q3,D: Electricity and gas supply,[*1]
2020,Q3,"E: Sewerage, waste management and remediation activities",215.1
2020,Q3,G (part of): Import/export and wholesale trades,152.9
2020,Q3,G (part of): Retail trade,159.9
2020,Q3,"H: Transportation, storage, postal and courier services",136.1
2020,Q3,I: Accommodation and food service activities,141.5
2020,Q3,J: Information and communications,143.3
2020,Q3,K: Financial and insurance activities,191.3
2020,Q3,L: Real estate activities,166.3
2020,Q3,"M, N: Professional and business services",145.2
2020,Q3,"P, Q, R, S: Social and personal services",145.2
2020,Q3,     85: Education,138.4
2020,Q3,     86: Human health activities,153.0
2020,Q3,     87-88: Residential care activities and social work activities without accommodation,148.5
2020,Q3,"     95: Repair of motor vehicles, motorcycles, computers, personal and household goods",134.8
2020,Q4,B: Mining and quarrying,[*1]
2020,Q4,C: Manufacturing,139.2
2020,Q4,D: Electricity and gas supply,[*1]
2020,Q4,"E: Sewerage, waste management and remediation activities",224.5
2020,Q4,G (part of): Import/export and wholesale trades,159.6
2020,Q4,G (part of): Retail trade,174.0
2020,Q4,"H: Transportation, storage, postal and courier services",140.1
2020,Q4,I: Accommodation and food service activities,141.0
2020,Q4,J: Information and communications,147.1
2020,Q4,K: Financial and insurance activities,210.0
2020,Q4,L: Real estate activities,165.8
2020,Q4,"M, N: Professional and business services",154.0
2020,Q4,"P, Q, R, S: Social and personal services",140.2
2020,Q4,     85: Education,133.6
2020,Q4,     86: Human health activities,150.8
2020,Q4,     87-88: Residential care activities and social work activities without accommodation,149.8
2020,Q4,"     95: Repair of motor vehicles, motorcycles, computers, personal and household goods",134.7
2021,Q1,B: Mining and quarrying,[*1]
2021,Q1,C: Manufacturing,153.1
2021,Q1,D: Electricity and gas supply,[*1]
2021,Q1,"E: Sewerage, waste management and remediation activities",240.3
2021,Q1,G (part of): Import/export and wholesale trades,159.8
2021,Q1,G (part of): Retail trade,178.9
2021,Q1,"H: Transportation, storage, postal and courier services",132.0
2021,Q1,I: Accommodation and food service activities,141.3
2021,Q1,J: Information and communications,154.5
2021,Q1,K: Financial and insurance activities,269.9
2021,Q1,L: Real estate activities,169.2
2021,Q1,"M, N: Professional and business services",151.7
2021,Q1,"P, Q, R, S: Social and personal services",143.0
2021,Q1,     85: Education,136.1
2021,Q1,     86: Human health activities,150.4
2021,Q1,     87-88: Residential care activities and social work activities without accommodation,147.6
2021,Q1,"     95: Repair of motor vehicles, motorcycles, computers, personal and household goods",140.0
2021,Q2,B: Mining and quarrying,[*1]
2021,Q2,C: Manufacturing,134.1
2021,Q2,D: Electricity and gas supply,[*1]
2021,Q2,"E: Sewerage, waste management and remediation activities",226.2
2021,Q2,G (part of): Import/export and wholesale trades,148.8
2021,Q2,G (part of): Retail trade,158.7
2021,Q2,"H: Transportation, storage, postal and courier services",129.2
2021,Q2,I: Accommodation and food service activities,143.5
2021,Q2,J: Information and communications,148.9
2021,Q2,K: Financial and insurance activities,208.4
2021,Q2,L: Real estate activities,174.1
2021,Q2,"M, N: Professional and business services",145.7
2021,Q2,"P, Q, R, S: Social and personal services",140.7
2021,Q2,     85: Education,134.7
2021,Q2,     86: Human health activities,150.2
2021,Q2,     87-88: Residential care activities and social work activities without accommodation,145.2
2021,Q2,"     95: Repair of motor vehicles, motorcycles, computers, personal and household goods",151.0
2021,Q3,B: Mining and quarrying,[*1]
2021,Q3,C: Manufacturing,133.0
2021,Q3,D: Electricity and gas supply,[*1]
2021,Q3,"E: Sewerage, waste management and remediation activities",221.1
2021,Q3,G (part of): Import/export and wholesale trades,153.0
2021,Q3,G (part of): Retail trade,160.3
2021,Q3,"H: Transportation, storage, postal and courier services",133.3
2021,Q3,I: Accommodation and food service activities,142.8
2021,Q3,J: Information and communications,145.9
2021,Q3,K: Financial and insurance activities,194.9
2021,Q3,L: Real estate activities,168.6
2021,Q3,"M, N: Professional and business services",147.3
2021,Q3,"P, Q, R, S: Social and personal services",146.3
2021,Q3,     85: Education,136.2
2021,Q3,     86: Human health activities,152.3
2021,Q3,     87-88: Residential care activities and social work activities without accommodation,149.7
2021,Q3,"     95: Repair of motor vehicles, motorcycles, computers, personal and household goods",135.0
2021,Q4,B: Mining and quarrying,[*1]
2021,Q4,C: Manufacturing,140.0
2021,Q4,D: Electricity and gas supply,[*1]
2021,Q4,"E: Sewerage, waste management and remediation activities",230.1
2021,Q4,G (part of): Import/export and wholesale trades,161.5
2021,Q4,G (part of): Retail trade,176.1
2021,Q4,"H: Transportation, storage, postal and courier services",139.7
2021,Q4,I: Accommodation and food service activities,145.2
2021,Q4,J: Information and communications,150.7
2021,Q4,K: Financial and insurance activities,214.5
2021,Q4,L: Real estate activities,168.7
2021,Q4,"M, N: Professional and business services",157.0
2021,Q4,"P, Q, R, S: Social and personal services",139.9
2021,Q4,     85: Education,132.3
2021,Q4,     86: Human health activities,147.4
2021,Q4,     87-88: Residential care activities and social work activities without accommodation,151.6
2021,Q4,"     95: Repair of motor vehicles, motorcycles, computers, personal and household goods",134.9
2022,Q1,B: Mining and quarrying,[*1]
2022,Q1,C: Manufacturing,153.4
2022,Q1,D: Electricity and gas supply,[*1]
2022,Q1,"E: Sewerage, waste management and remediation activities",245.4
2022,Q1,G (part of): Import/export and wholesale trades,160.1
2022,Q1,G (part of): Retail trade,178.5
2022,Q1,"H: Transportation, storage, postal and courier services",132.3
2022,Q1,I: Accommodation and food service activities,140.3
2022,Q1,J: Information and communications,158.0
2022,Q1,K: Financial and insurance activities,276.1
2022,Q1,L: Real estate activities,172.4
2022,Q1,"M, N: Professional and business services",154.7
2022,Q1,"P, Q, R, S: Social and personal services",142.0
2022,Q1,     85: Education,134.3
2022,Q1,     86: Human health activities,148.0
2022,Q1,     87-88: Residential care activities and social work activities without accommodation,150.4
2022,Q1,"     95: Repair of motor vehicles, motorcycles, computers, personal and household goods",140.7
2022,Q2,B: Mining and quarrying,[*1]
2022,Q2,C: Manufacturing,135.1
2022,Q2,D: Electricity and gas supply,[*1]
2022,Q2,"E: Sewerage, waste management and remediation activities",230.4
2022,Q2,G (part of): Import/export and wholesale trades,150.4
2022,Q2,G (part of): Retail trade,160.4
2022,Q2,"H: Transportation, storage, postal and courier services",129.5
2022,Q2,I: Accommodation and food service activities,147.5
2022,Q2,J: Information and communications,153.2
2022,Q2,K: Financial and insurance activities,213.6
2022,Q2,L: Real estate activities,177.6
2022,Q2,"M, N: Professional and business services",149.3
2022,Q2,"P, Q, R, S: Social and personal services",143.9
2022,Q2,     85: Education,136.4
2022,Q2,     86: Human health activities,152.6
2022,Q2,     87-88: Residential care activities and social work activities without accommodation,148.4
2022,Q2,"     95: Repair of motor vehicles, motorcycles, computers, personal and household goods",152.5
2022,Q3,B: Mining and quarrying,[*1]
2022,Q3,C: Manufacturing,134.9
2022,Q3,D: Electricity and gas supply,[*1]
2022,Q3,"E: Sewerage, waste management and remediation activities",227.5
2022,Q3,G (part of): Import/export and wholesale trades,154.3
2022,Q3,G (part of): Retail trade,163.3
2022,Q3,"H: Transportation, storage, postal and courier services",136.4
2022,Q3,I: Accommodation and food service activities,147.2
2022,Q3,J: Information and communications,150.1
2022,Q3,K: Financial and insurance activities,200.6
2022,Q3,L: Real estate activities,172.4
2022,Q3,"M, N: Professional and business services",151.6
2022,Q3,"P, Q, R, S: Social and personal services",148.4
2022,Q3,     85: Education,135.8
2022,Q3,     86: Human health activities,156.4
2022,Q3,     87-88: Residential care activities and social work activities without accommodation,152.9
2022,Q3,"     95: Repair of motor vehicles, motorcycles, computers, personal and household goods",136.5
2022,Q4,B: Mining and quarrying,[*1]
2022,Q4,C: Manufacturing,142.9
2022,Q4,D: Electricity and gas supply,[*1]
2022,Q4,"E: Sewerage, waste management and remediation activities",236.0
2022,Q4,G (part of): Import/export and wholesale trades,163.6
2022,Q4,G (part of): Retail trade,179.5
2022,Q4,"H: Transportation, storage, postal and courier services",145.4
2022,Q4,I: Accommodation and food service activities,150.2
2022,Q4,J: Information and communications,155.4
2022,Q4,K: Financial and insurance activities,220.8
2022,Q4,L: Real estate activities,172.7
2022,Q4,"M, N: Professional and business services",162.1
2022,Q4,"P, Q, R, S: Social and personal services",143.0
2022,Q4,     85: Education,133.2
2022,Q4,     86: Human health activities,150.4
2022,Q4,     87-88: Residential care activities and social work activities without accommodation,155.3
2022,Q4,"     95: Repair of motor vehicles, motorcycles, computers, personal and household goods",136.4
2023,Q1,B: Mining and quarrying,[*1]
2023,Q1,C: Manufacturing,159.6
2023,Q1,D: Electricity and gas supply,[*1]
2023,Q1,"E: Sewerage, waste management and remediation activities",253.2
2023,Q1,G (part of): Import/export and wholesale trades,163.6
2023,Q1,G (part of): Retail trade,182.3
2023,Q1,"H: Transportation, storage, postal and courier services",141.2
2023,Q1,I: Accommodation and food service activities,147.1
2023,Q1,J: Information and communications,164.3
2023,Q1,K: Financial and insurance activities,284.8
2023,Q1,L: Real estate activities,177.4
2023,Q1,"M, N: Professional and business services",160.2
2023,Q1,"P, Q, R, S: Social and personal services",144.4
2023,Q1,     85: Education,135.7
2023,Q1,     86: Human health activities,151.8
2023,Q1,     87-88: Residential care activities and social work activities without accommodation,155.2
2023,Q1,"     95: Repair of motor vehicles, motorcycles, computers, personal and household goods",141.4
2023,Q2,B: Mining and quarrying,[*1]
2023,Q2,C: Manufacturing,140.0
2023,Q2,D: Electricity and gas supply,[*1]
2023,Q2,"E: Sewerage, waste management and remediation activities",241.1
2023,Q2,G (part of): Import/export and wholesale trades,154.3
2023,Q2,G (part of): Retail trade,165.1
2023,Q2,"H: Transportation, storage, postal and courier services",142.2
2023,Q2,I: Accommodation and food service activities,155.2
2023,Q2,J: Information and communications,158.9
2023,Q2,K: Financial and insurance activities,221.3
2023,Q2,L: Real estate activities,182.7
2023,Q2,"M, N: Professional and business services",154.1
2023,Q2,"P, Q, R, S: Social and personal services",144.0
2023,Q2,     85: Education,137.0
2023,Q2,     86: Human health activities,148.0
2023,Q2,     87-88: Residential care activities and social work activities without accommodation,153.3
2023,Q2,"     95: Repair of motor vehicles, motorcycles, computers, personal and household goods",157.2
2023,Q3,B: Mining and quarrying,[*1]
2023,Q3,C: Manufacturing,139.9
2023,Q3,D: Electricity and gas supply,[*1]
2023,Q3,"E: Sewerage, waste management and remediation activities",239.7
2023,Q3,G (part of): Import/export and wholesale trades,158.6
2023,Q3,G (part of): Retail trade,168.4
2023,Q3,"H: Transportation, storage, postal and courier services",151.0
2023,Q3,I: Accommodation and food service activities,155.1
2023,Q3,J: Information and communications,155.8
2023,Q3,K: Financial and insurance activities,207.9
2023,Q3,L: Real estate activities,177.3
2023,Q3,"M, N: Professional and business services",156.8
2023,Q3,"P, Q, R, S: Social and personal services",152.9
2023,Q3,     85: Education,139.1
2023,Q3,     86: Human health activities,164.6
2023,Q3,     87-88: Residential care activities and social work activities without accommodation,160.4
2023,Q3,"     95: Repair of motor vehicles, motorcycles, computers, personal and household goods",141.6
2023,Q4,B: Mining and quarrying,[*1]
2023,Q4,C: Manufacturing,148.5
2023,Q4,D: Electricity and gas supply,[*1]
2023,Q4,"E: Sewerage, waste management and remediation activities",247.1
2023,Q4,G (part of): Import/export and wholesale trades,168.3
2023,Q4,G (part of): Retail trade,184.3
2023,Q4,"H: Transportation, storage, postal and courier services",159.3
2023,Q4,I: Accommodation and food service activities,158.5
2023,Q4,J: Information and communications,161.7
2023,Q4,K: Financial and insurance activities,228.6
2023,Q4,L: Real estate activities,177.4
2023,Q4,"M, N: Professional and business services",167.5
2023,Q4,"P, Q, R, S: Social and personal services",147.6
2023,Q4,     85: Education,137.1
2023,Q4,     86: Human health activities,156.2
2023,Q4,     87-88: Residential care activities and social work activities without accommodation,163.1
2023,Q4,"     95: Repair of motor vehicles, motorcycles, computers, personal and household goods",141.1
2024,Q1,B: Mining and quarrying,[*1]
2024,Q1,C: Manufacturing,165.8
2024,Q1,D: Electricity and gas supply,[*1]
2024,Q1,"E: Sewerage, waste management and remediation activities",266.4
2024,Q1,G (part of): Import/export and wholesale trades,168.4
2024,Q1,G (part of): Retail trade,186.5
2024,Q1,"H: Transportation, storage, postal and courier services",153.2
2024,Q1,I: Accommodation and food service activities,155.6
2024,Q1,J: Information and communications,170.4
2024,Q1,K: Financial and insurance activities,295.1
2024,Q1,L: Real estate activities,182.7
2024,Q1,"M, N: Professional and business services",166.4
2024,Q1,"P, Q, R, S: Social and personal services",148.6
2024,Q1,     85: Education,138.6
2024,Q1,     86: Human health activities,157.6
2024,Q1,     87-88: Residential care activities and social work activities without accommodation,162.9
2024,Q1,"     95: Repair of motor vehicles, motorcycles, computers, personal and household goods",146.4
2024,Q2,B: Mining and quarrying,[*1]
2024,Q2,C: Manufacturing,145.1
2024,Q2,D: Electricity and gas supply,[*1]
2024,Q2,"E: Sewerage, waste management and remediation activities",253.3
2024,Q2,G (part of): Import/export and wholesale trades,158.9
2024,Q2,G (part of): Retail trade,168.4
2024,Q2,"H: Transportation, storage, postal and courier services",154.5
2024,Q2,I: Accommodation and food service activities,162.7
2024,Q2,J: Information and communications,164.1
2024,Q2,K: Financial and insurance activities,228.7
2024,Q2,L: Real estate activities,187.9
2024,Q2,"M, N: Professional and business services",159.4
2024,Q2,"P, Q, R, S: Social and personal services",146.3
2024,Q2,     85: Education,135.8
2024,Q2,     86: Human health activities,154.1
2024,Q2,     87-88: Residential care activities and social work activities without accommodation,161.3
2024,Q2,"     95: Repair of motor vehicles, motorcycles, computers, personal and household goods",162.1
2024,Q3,B: Mining and quarrying,[*1]
2024,Q3,C: Manufacturing,145.0
2024,Q3,D: Electricity and gas supply,[*1]
2024,Q3,"E: Sewerage, waste management and remediation activities",251.3
2024,Q3,G (part of): Import/export and wholesale trades,163.3
2024,Q3,G (part of): Retail trade,171.4
2024,Q3,"H: Transportation, storage, postal and courier services",154.7
2024,Q3,I: Accommodation and food service activities,161.2
2024,Q3,J: Information and communications,161.2
2024,Q3,K: Financial and insurance activities,215.5
2024,Q3,L: Real estate activities,182.4
2024,Q3,"M, N: Professional and business services",162.3
2024,Q3,"P, Q, R, S: Social and personal services",155.1
2024,Q3,     85: Education,140.0
2024,Q3,     86: Human health activities,165.1
2024,Q3,     87-88: Residential care activities and social work activities without accommodation,166.8
2024,Q3,"     95: Repair of motor vehicles, motorcycles, computers, personal and household goods",146.3
2024,Q4,B: Mining and quarrying,[*1]
2024,Q4,C: Manufacturing,153.5
2024,Q4,D: Electricity and gas supply,[*1]
2024,Q4,"E: Sewerage, waste management and remediation activities",257.7
2024,Q4,G (part of): Import/export and wholesale trades,173.5
2024,Q4,G (part of): Retail trade,187.4
2024,Q4,"H: Transportation, storage, postal and courier services",165.4
2024,Q4,I: Accommodation and food service activities,163.8
2024,Q4,J: Information and communications,167.2
2024,Q4,K: Financial and insurance activities,237.1
2024,Q4,L: Real estate activities,182.6
2024,Q4,"M, N: Professional and business services",173.0
2024,Q4,"P, Q, R, S: Social and personal services",150.1
2024,Q4,     85: Education,139.1
2024,Q4,     86: Human health activities,159.7
2024,Q4,     87-88: Residential care activities and social work activities without accommodation,169.1
2024,Q4,"     95: Repair of motor vehicles, motorcycles, computers, personal and household goods",146.1
2025,Q1,B: Mining and quarrying,[*1]
2025,Q1,C: Manufacturing,171.4
2025,Q1,D: Electricity and gas supply,[*1]
2025,Q1,"E: Sewerage, waste management and remediation activities",276.9
2025,Q1,G (part of): Import/export and wholesale trades,173.8
2025,Q1,G (part of): Retail trade,190.3
2025,Q1,"H: Transportation, storage, postal and courier services",157.1
2025,Q1,I: Accommodation and food service activities,160.7
2025,Q1,J: Information and communications,176.1
2025,Q1,K: Financial and insurance activities,306.6
2025,Q1,L: Real estate activities,187.8
2025,Q1,"M, N: Professional and business services",172.1
2025,Q1,"P, Q, R, S: Social and personal services",152.9
2025,Q1,     85: Education,141.6
2025,Q1,     86: Human health activities,161.9
2025,Q1,     87-88: Residential care activities and social work activities without accommodation,169.0
2025,Q1,"     95: Repair of motor vehicles, motorcycles, computers, personal and household goods",151.6
2025,Q2,B: Mining and quarrying,[*1]
2025,Q2,C: Manufacturing,149.8
2025,Q2,D: Electricity and gas supply,[*1]
2025,Q2,"E: Sewerage, waste management and remediation activities",262.9
2025,Q2,G (part of): Import/export and wholesale trades,163.7
2025,Q2,G (part of): Retail trade,171.5
2025,Q2,"H: Transportation, storage, postal and courier services",171.4
2025,Q2,I: Accommodation and food service activities,167.7
2025,Q2,J: Information and communications,169.3
2025,Q2,K: Financial and insurance activities,237.0
2025,Q2,L: Real estate activities,193.3
2025,Q2,"M, N: Professional and business services",164.3
2025,Q2,"P, Q, R, S: Social and personal services",151.1
2025,Q2,     85: Education,140.3
2025,Q2,     86: Human health activities,157.8
2025,Q2,     87-88: Residential care activities and social work activities without accommodation,167.1
2025,Q2,"     95: Repair of motor vehicles, motorcycles, computers, personal and household goods",167.6
2025,Q3,B: Mining and quarrying,[*1]
2025,Q3,C: Manufacturing,149.4
2025,Q3,D: Electricity and gas supply,[*1]
2025,Q3,"E: Sewerage, waste management and remediation activities",259.1
2025,Q3,G (part of): Import/export and wholesale trades,168.5
2025,Q3,G (part of): Retail trade,174.9
2025,Q3,"H: Transportation, storage, postal and courier services",154.0
2025,Q3,I: Accommodation and food service activities,166.5
2025,Q3,J: Information and communications,166.2
2025,Q3,K: Financial and insurance activities,223.7
2025,Q3,L: Real estate activities,187.9
2025,Q3,"M, N: Professional and business services",167.7
2025,Q3,"P, Q, R, S: Social and personal services",157.9
2025,Q3,     85: Education,142.8
2025,Q3,     86: Human health activities,163.4
2025,Q3,     87-88: Residential care activities and social work activities without accommodation,172.4
2025,Q3,"     95: Repair of motor vehicles, motorcycles, computers, personal and household goods",151.7
2025,Q4,B: Mining and quarrying,[*1]
2025,Q4,C: Manufacturing,158.0
2025,Q4,D: Electricity and gas supply,[*1]
2025,Q4,"E: Sewerage, waste management and remediation activities",264.6
2025,Q4,G (part of): Import/export and wholesale trades,179.3
2025,Q4,G (part of): Retail trade,191.5
2025,Q4,"H: Transportation, storage, postal and courier services",173.3
2025,Q4,I: Accommodation and food service activities,169.4
2025,Q4,J: Information and communications,172.4
2025,Q4,K: Financial and insurance activities,246.1
2025,Q4,L: Real estate activities,188.2
2025,Q4,"M, N: Professional and business services",178.6
2025,Q4,"P, Q, R, S: Social and personal services",153.5
2025,Q4,     85: Education,141.8
2025,Q4,     86: Human health activities,161.6
2025,Q4,     87-88: Residential care activities and social work activities without accommodation,174.1
2025,Q4,"     95: Repair of motor vehicles, motorcycles, computers, personal and household goods",151.5
 ,,,
Note(s):,,,
"""All selected industry sections"" refers to all industries covered by the payroll enquiry of the Labour Earnings Survey.",,,
[*1] Figure is not released in order to safeguard confidentiality of information of individual establishments.,,,
 ,,,
Source:,,,
"Labour Earnings SurveyWages & Labour Costs Statistics Section (1),Census and Statistics Department(Enquiry telephone no. : 2887 5550 Enquiry e-mail : wage@censtatd.gov.hk)",,,
 ,,,
"Release Date: 27 March, 2026",,,
